stats,city
,
,lum-customer-samsulalom-zone-sobuj-country-us-state-AL-city-auburn-session-setry
,lum-customer-samsulalom-zone-sobuj-country-us-state-AL-city-birmingham-session-setry
,lum-customer-samsulalom-zone-sobuj-country-us-state-AL-city-dothan-session-setry
,lum-customer-samsulalom-zone-sobuj-country-us-state-AL-city-florence-session-setry
Alabama,lum-customer-samsulalom-zone-sobuj-country-us-state-AL-city-gadsden-session-setry
,lum-customer-samsulalom-zone-sobuj-country-us-state-AL-city-huntsville-session-setry
,lum-customer-samsulalom-zone-sobuj-country-us-state-AL-city-mobile-session-setry
,lum-customer-samsulalom-zone-sobuj-country-us-state-AL-city-montgomery-session-setry
,lum-customer-samsulalom-zone-sobuj-country-us-state-AL-city-tuscaloosa-session-setry
,
,
,
,lum-customer-samsulalom-zone-sobuj-country-us-state-AK-city-anchorage-session-setry
Alaska,lum-customer-samsulalom-zone-sobuj-country-us-state-AK-city-fairbanks-session-setry
,lum-customer-samsulalom-zone-sobuj-country-us-state-AK-city-kenaipeninsula-session-setry
,lum-customer-samsulalom-zone-sobuj-country-us-state-AK-city-southeastalaska-session-setry
,
,
,
,lum-customer-samsulalom-zone-sobuj-country-us-state-AZ-city-flagstaff-session-setry
,lum-customer-samsulalom-zone-sobuj-country-us-state-AZ-city-mohavecounty-session-setry
,lum-customer-samsulalom-zone-sobuj-country-us-state-AZ-city-phoenix-session-setry
Arizona,lum-customer-samsulalom-zone-sobuj-country-us-state-AZ-city-prescott-session-setry
,lum-customer-samsulalom-zone-sobuj-country-us-state-AZ-city-showlow-session-setry
,lum-customer-samsulalom-zone-sobuj-country-us-state-AZ-city-sierravista-session-setry
,lum-customer-samsulalom-zone-sobuj-country-us-state-AZ-city-tucson-session-setry
,lum-customer-samsulalom-zone-sobuj-country-us-state-AZ-city-yuma-session-setry
,
,
,
,lum-customer-samsulalom-zone-sobuj-country-us-state-AR-city-fayetteville-session-setry
,lum-customer-samsulalom-zone-sobuj-country-us-state-AR-city-fortsmith-session-setry
Arkansas,lum-customer-samsulalom-zone-sobuj-country-us-state-AR-city-jonesboro-session-setry
,lum-customer-samsulalom-zone-sobuj-country-us-state-AR-city-littlerock-session-setry
,lum-customer-samsulalom-zone-sobuj-country-us-state-Ar-city-texarkana-session-setry
,
,
,
,lum-customer-samsulalom-zone-sobuj-country-us-state-CA-city-bakersfield-session-casdasdf
,lum-customer-samsulalom-zone-sobuj-country-us-state-CA-city-chico-session-casdasdf
,lum-customer-samsulalom-zone-sobuj-country-us-state-CA-city-fresno-session-vbcbcxbcx
,lum-customer-samsulalom-zone-sobuj-country-us-state-CA-city-goldcountry-session-casdasdf
,lum-customer-samsulalom-zone-sobuj-country-us-state-CA-city-hanford-session-casdasdf
,lum-customer-samsulalom-zone-sobuj-country-us-state-CA-city-humboldtcounty-session-casdasdf
,lum-customer-samsulalom-zone-sobuj-country-us-state-CA-city-imperialcounty-session-casdasdf
,lum-customer-samsulalom-zone-sobuj-country-us-state-CA-city-inlandempire-session-casdasdf
,lum-customer-samsulalom-zone-sobuj-country-us-state-CA-city-losangeles-session-casdasdf
,lum-customer-samsulalom-zone-sobuj-country-us-state-CA-city-mendocinocounty-session-casdasdf
,lum-customer-samsulalom-zone-sobuj-country-us-state-CA-city-merced-session-casdasdf
,lum-customer-samsulalom-zone-sobuj-country-us-state-CA-city-modesto-session-casdasdf
California,lum-customer-samsulalom-zone-sobuj-country-us-state-CA-city-montereybay-session-casdasdf
,lum-customer-samsulalom-zone-sobuj-country-us-state-CA-city-orangecounty-session-casdasdf
,lum-customer-samsulalom-zone-sobuj-country-us-state-CA-city-palmsprings-session-casdasdf
,lum-customer-samsulalom-zone-sobuj-country-us-state-CA-city-redding-session-casdasdf
,lum-customer-samsulalom-zone-sobuj-country-us-state-CA-city-sacramento-session-casdasdf
,lum-customer-samsulalom-zone-sobuj-country-us-state-CA-city-sandiego-session-casdasdf
,lum-customer-samsulalom-zone-sobuj-country-us-state-CA-city-SFbayarea-session-casdasdf
,lum-customer-samsulalom-zone-sobuj-country-us-state-CA-city-sanluisobispo-session-casdasdf
,lum-customer-samsulalom-zone-sobuj-country-us-state-CA-city-santabarbara-session-casdasdf
,lum-customer-samsulalom-zone-sobuj-country-us-state-CA-city-santamaria-session-casdasdf
,lum-customer-samsulalom-zone-sobuj-country-us-state-CA-city-siskiyoucounty-session-casdasdf
,lum-customer-samsulalom-zone-sobuj-country-us-state-CA-city-stockton-session-casdasdf
,lum-customer-samsulalom-zone-sobuj-country-us-state-CA-city-susanville-session-casdasdf
,lum-customer-samsulalom-zone-sobuj-country-us-state-CA-city-venturacounty-session-casdasdf
,lum-customer-samsulalom-zone-sobuj-country-us-state-CA-city-visalia-session-casdasdf
,lum-customer-samsulalom-zone-sobuj-country-us-state-CA-city-yuba-session-casdasdf
,
,
,
,lum-customer-samsulalom-zone-sobuj-country-us-state-Co-city-boulder-session-casdasdf
,lum-customer-samsulalom-zone-sobuj-country-us-state-Co-city-coloradosprings-session-casdasdf
,lum-customer-samsulalom-zone-sobuj-country-us-state-Co-city-denver-session-casdasdf
Colorado,lum-customer-samsulalom-zone-sobuj-country-us-state-Co-city-eastern-session-casdasdf
,lum-customer-samsulalom-zone-sobuj-country-us-state-Co-city-fortcollins-session-casdasdf
,lum-customer-samsulalom-zone-sobuj-country-us-state-Co-city-highrockies-session-casdasdf
,lum-customer-samsulalom-zone-sobuj-country-us-state-Co-city-pueblo-session-casdasdf
,lum-customer-samsulalom-zone-sobuj-country-us-state-Co-city-westernslope-session-casdasdf
,
,
,
,lum-customer-samsulalom-zone-sobuj-country-us-state-CT-city-eastern-session-casdasdf
Connecticut,lum-customer-samsulalom-zone-sobuj-country-us-state-CT-city-hartford-session-casdasdf
,lum-customer-samsulalom-zone-sobuj-country-us-state-CT-city-newhaven-session-casdasdf
,lum-customer-samsulalom-zone-sobuj-country-us-state-CT-city-northwest-session-casdasdf
,
,
,
Delaware,lum-customer-samsulalom-zone-sobuj-country-us-state-DL-city-delaware-session-casdasdf
,
,
,
,
DC,lum-customer-samsulalom-zone-sobuj-country-us-state-DC-city-washington-session-casdasdf
,
,
,
,lum-customer-samsulalom-zone-sobuj-country-us-state-FL-city-browardcounty-session-casdasdf
,lum-customer-samsulalom-zone-sobuj-country-us-state-FL-city-daytonabeach-session-casdasdf
,lum-customer-samsulalom-zone-sobuj-country-us-state-FL-city-floridakeys-session-casdasdf
,lum-customer-samsulalom-zone-sobuj-country-us-state-FL-city-southflorida-session-casdasdf
,lum-customer-samsulalom-zone-sobuj-country-us-state-FL-city-ftmyers-session-casdasdf
,lum-customer-samsulalom-zone-sobuj-country-us-state-FL-city-gainesville-session-casdasdf
,lum-customer-samsulalom-zone-sobuj-country-us-state-FL-city-heartlandflorida-session-casdasdf
,lum-customer-samsulalom-zone-sobuj-country-us-state-FL-city-jacksonville-session-casdasdf
,lum-customer-samsulalom-zone-sobuj-country-us-state-FL-city-lakeland-session-casdasdf
,lum-customer-samsulalom-zone-sobuj-country-us-state-FL-city-miami-session-casdasdf
,lum-customer-samsulalom-zone-sobuj-country-us-state-FL-city-northcentral-session-casdasdf
Florida,lum-customer-samsulalom-zone-sobuj-country-us-state-FL-city-ocala-session-casdasdf
,lum-customer-samsulalom-zone-sobuj-country-us-state-FL-city-okaloosa-session-casdasdf
,lum-customer-samsulalom-zone-sobuj-country-us-state-FL-city-orlando-session-casdasdf
,lum-customer-samsulalom-zone-sobuj-country-us-state-FL-city-panamacity-session-casdasdf
,lum-customer-samsulalom-zone-sobuj-country-us-state-FL-city-pensacola-session-casdasdf
,lum-customer-samsulalom-zone-sobuj-country-us-state-FL-city-sarasota-session-casdasdf
,lum-customer-samsulalom-zone-sobuj-country-us-state-FL-city-southflorida-session-casdasdf
,lum-customer-samsulalom-zone-sobuj-country-us-state-FL-city-spacecoast-session-casdasdf
,lum-customer-samsulalom-zone-sobuj-country-us-state-FL-city-staugustine-session-casdasdf
,lum-customer-samsulalom-zone-sobuj-country-us-state-FL-city-tallahassee-session-casdasdf
,lum-customer-samsulalom-zone-sobuj-country-us-state-FL-city-tampabayarea-session-casdasdf
,lum-customer-samsulalom-zone-sobuj-country-us-state-FL-city-treasurecoast-session-casdasdf
,lum-customer-samsulalom-zone-sobuj-country-us-state-FL-city-palmbeachco-session-casdasdf
,lum-customer-samsulalom-zone-sobuj-country-us-state-FL-city-browardcounty-session-casdasdf
,
,
,
,lum-customer-samsulalom-zone-sobuj-country-us-state-GA-city-albany-session-casdasdf
,lum-customer-samsulalom-zone-sobuj-country-us-state-GA-city-athens-session-casdasdf
,lum-customer-samsulalom-zone-sobuj-country-us-state-GA-city-atlanta-session-casdasdf
,lum-customer-samsulalom-zone-sobuj-country-us-state-GA-city-augusta-session-casdasdf
,lum-customer-samsulalom-zone-sobuj-country-us-state-GA-city-brunswick-session-casdasdf
Georgia,lum-customer-samsulalom-zone-sobuj-country-us-state-GA-city-columbus-session-casdasdf
,lum-customer-samsulalom-zone-sobuj-country-us-state-GA-city-macon-session-casdasdf
,lum-customer-samsulalom-zone-sobuj-country-us-state-GA-city-northwest-session-casdasdf
,lum-customer-samsulalom-zone-sobuj-country-us-state-GA-city-savannah-session-casdasdf
,lum-customer-samsulalom-zone-sobuj-country-us-state-GA-city-statesboro-session-casdasdf
,lum-customer-samsulalom-zone-sobuj-country-us-state-GA-city-valdosta-session-casdasdf
,
,
,
,lum-customer-samsulalom-zone-sobuj-country-us-state-ID-city-boise-session-casdasdf
,lum-customer-samsulalom-zone-sobuj-country-us-state-ID-city-eastidaho-session-casdasdf
Idaho,lum-customer-samsulalom-zone-sobuj-country-us-state-ID-city-lewiston-session-casdasdf
,lum-customer-samsulalom-zone-sobuj-country-us-state-ID-city-twinfalls-session-casdasdf
,
,
,
,lum-customer-samsulalom-zone-sobuj-country-us-state-IL-city-bloomington-session-casdasdf
,lum-customer-samsulalom-zone-sobuj-country-us-state-IL-city-champaignurbana-session-casdasdf
,lum-customer-samsulalom-zone-sobuj-country-us-state-IL-city-chicago-session-casdasdf
,lum-customer-samsulalom-zone-sobuj-country-us-state-IL-city-decatur-session-casdasdf
Illinois,lum-customer-samsulalom-zone-sobuj-country-us-state-IL-city-lasalleco-session-casdasdf
,lum-customer-samsulalom-zone-sobuj-country-us-state-IL-city-mattoon-session-casdasdf
,lum-customer-samsulalom-zone-sobuj-country-us-state-IL-city-peoria-session-casdasdf
,lum-customer-samsulalom-zone-sobuj-country-us-state-IL-city-rockford-session-casdasdf
,lum-customer-samsulalom-zone-sobuj-country-us-state-IL-city-southernillinois-session-casdasdf
,lum-customer-samsulalom-zone-sobuj-country-us-state-IL-city-springfield-session-casdasdf
,lum-customer-samsulalom-zone-sobuj-country-us-state-IL-city-western-session-casdasdf
,
,
,
,lum-customer-samsulalom-zone-sobuj-country-us-state-IN-city-bloomington-session-casdasdf
,lum-customer-samsulalom-zone-sobuj-country-us-state-IN-city-evansville-session-casdasdf
,lum-customer-samsulalom-zone-sobuj-country-us-state-IN-city-fortwayne-session-casdasdf
,lum-customer-samsulalom-zone-sobuj-country-us-state-IN-city-indianapolis-session-casdasdf
,lum-customer-samsulalom-zone-sobuj-country-us-state-IN-city-kokomo-session-casdasdf
Indiana,lum-customer-samsulalom-zone-sobuj-country-us-state-IN-city-lafayette-session-casdasdf
,lum-customer-samsulalom-zone-sobuj-country-us-state-IN-city-muncie-session-casdasdf
,lum-customer-samsulalom-zone-sobuj-country-us-state-IN-city-richmond-session-casdasdf
,lum-customer-samsulalom-zone-sobuj-country-us-state-IN-city-southbend-session-casdasdf
,lum-customer-samsulalom-zone-sobuj-country-us-state-IN-city-terrehaute-session-casdasdf
,
,
,
,lum-customer-samsulalom-zone-sobuj-country-us-state-IA-city-ames-session-casdasdf
,lum-customer-samsulalom-zone-sobuj-country-us-state-IA-city-cedarrapids-session-casdasdf
,lum-customer-samsulalom-zone-sobuj-country-us-state-IA-city-desmoines-session-casdasdf
,lum-customer-samsulalom-zone-sobuj-country-us-state-IA-city-dubuque-session-casdasdf
,lum-customer-samsulalom-zone-sobuj-country-us-state-IA-city-fortdodge-session-casdasdf
Iowa,lum-customer-samsulalom-zone-sobuj-country-us-state-IA-city-iowacity-session-casdasdf
,lum-customer-samsulalom-zone-sobuj-country-us-state-IA-city-masoncity-session-casdasdf
,lum-customer-samsulalom-zone-sobuj-country-us-state-IA-city-quadcities-session-casdasdf
,lum-customer-samsulalom-zone-sobuj-country-us-state-IA-city-siouxcity-session-casdasdf
,lum-customer-samsulalom-zone-sobuj-country-us-state-IA-city-southeast-session-casdasdf
,lum-customer-samsulalom-zone-sobuj-country-us-state-IA-city-waterloo-session-casdasdf
,
,
,
,lum-customer-samsulalom-zone-sobuj-country-us-state-KS-city-lawrence-session-casdasdf
,lum-customer-samsulalom-zone-sobuj-country-us-state-KS-city-manhattan-session-casdasdf
,lum-customer-samsulalom-zone-sobuj-country-us-state-KS-city-northwest-session-casdasdf
Kansas,lum-customer-samsulalom-zone-sobuj-country-us-state-KS-city-salina-session-casdasdf
,lum-customer-samsulalom-zone-sobuj-country-us-state-KS-city-southeast-session-casdasdf
,lum-customer-samsulalom-zone-sobuj-country-us-state-KS-city-southwest-session-casdasdf
,lum-customer-samsulalom-zone-sobuj-country-us-state-KS-city-topeka-session-casdasdf
,lum-customer-samsulalom-zone-sobuj-country-us-state-KS-city-wichita-session-casdasdf
,
,
,
,lum-customer-samsulalom-zone-sobuj-country-us-state-KY-city-bowlinggreen-session-casdasdf
,lum-customer-samsulalom-zone-sobuj-country-us-state-KY-city-easternkentucky-session-casdasdf
,lum-customer-samsulalom-zone-sobuj-country-us-state-KY-city-lexington-session-casdasdf
Kentucky,lum-customer-samsulalom-zone-sobuj-country-us-state-KY-city-louisville-session-casdasdf
,lum-customer-samsulalom-zone-sobuj-country-us-state-KY-city-owensboro-session-casdasdf
,lum-customer-samsulalom-zone-sobuj-country-us-state-KY-city-western-session-casdasdf
,
,
,
,lum-customer-samsulalom-zone-sobuj-country-us-state-LA-city-batonrouge-session-casdasdf
,lum-customer-samsulalom-zone-sobuj-country-us-state-LA-city-centrallouisiana-session-casdasdf
,lum-customer-samsulalom-zone-sobuj-country-us-state-LA-city-houma-session-casdasdf
Louisiana,lum-customer-samsulalom-zone-sobuj-country-us-state-LA-city-lafayette-session-casdasdf
,lum-customer-samsulalom-zone-sobuj-country-us-state-LA-city-lakecharles-session-casdasdf
,lum-customer-samsulalom-zone-sobuj-country-us-state-LA-city-monroe-session-casdasdf
,lum-customer-samsulalom-zone-sobuj-country-us-state-LA-city-neworleans-session-casdasdf
,lum-customer-samsulalom-zone-sobuj-country-us-state-LA-city-shreveport-session-casdasdf
,
,
,
,lum-customer-samsulalom-zone-sobuj-country-us-state-MD-city-annapolis-session-casdasdf
,lum-customer-samsulalom-zone-sobuj-country-us-state-MD-city-baltimore-session-casdasdf
Maryland,lum-customer-samsulalom-zone-sobuj-country-us-state-MD-city-easternshore-session-casdasdf
,lum-customer-samsulalom-zone-sobuj-country-us-state-MD-city-frederick-session-casdasdf
,lum-customer-samsulalom-zone-sobuj-country-us-state-MD-city-southernmaryland-session-casdasdf
,lum-customer-samsulalom-zone-sobuj-country-us-state-MD-city-westernmaryland-session-casdasdf
,
,
,
,lum-customer-samsulalom-zone-sobuj-country-us-state-MA-city-boston-session-casdasdf
,lum-customer-samsulalom-zone-sobuj-country-us-state-MA-city-capecod-session-casdasdf
Massachusetts,lum-customer-samsulalom-zone-sobuj-country-us-state-MA-city-southcoast-session-casdasdf
,lum-customer-samsulalom-zone-sobuj-country-us-state-MA-city-westernmassachusetts-session-fsfg
,lum-customer-samsulalom-zone-sobuj-country-us-state-MA-city-worcester-session-casdasdf
,
,
,
,lum-customer-samsulalom-zone-sobuj-country-us-state-MI-city-annarbor-session-casdasdf
,lum-customer-samsulalom-zone-sobuj-country-us-state-MI-city-battlecreek-session-casdasdf
,lum-customer-samsulalom-zone-sobuj-country-us-state-MI-city-centralmichigan-session-casdasdf
,lum-customer-samsulalom-zone-sobuj-country-us-state-MI-city-detroitmetro-session-casdasdf
,lum-customer-samsulalom-zone-sobuj-country-us-state-MI-city-flint-session-casdasdf
,lum-customer-samsulalom-zone-sobuj-country-us-state-MI-city-grandrapids-session-casdasdf
,lum-customer-samsulalom-zone-sobuj-country-us-state-MI-city-holland-session-casdasdf
Michigan,lum-customer-samsulalom-zone-sobuj-country-us-state-MI-city-jackson-session-casdasdf
,lum-customer-samsulalom-zone-sobuj-country-us-state-MI-city-kalamazoo-session-casdasdf
,lum-customer-samsulalom-zone-sobuj-country-us-state-MI-city-lansing-session-casdasdf
,lum-customer-samsulalom-zone-sobuj-country-us-state-MI-city-monroe-session-casdasdf
,lum-customer-samsulalom-zone-sobuj-country-us-state-MI-city-muskegon-session-casdasdf
,lum-customer-samsulalom-zone-sobuj-country-us-state-MI-city-northernmichigan-session-casdasdf
,lum-customer-samsulalom-zone-sobuj-country-us-state-MI-city-porthuron-session-casdasdf
,lum-customer-samsulalom-zone-sobuj-country-us-state-MI-city-saginaw-session-casdasdf
,lum-customer-samsulalom-zone-sobuj-country-us-state-MI-city-southwestmichigan-session-casdasdf
,lum-customer-samsulalom-zone-sobuj-country-us-state-MI-city-thethumb-session-casdasdf
,lum-customer-samsulalom-zone-sobuj-country-us-state-MI-city-upperpeninsula-session-casdasdf
,
,
,
,lum-customer-samsulalom-zone-sobuj-country-us-state-MN-city-bemidji-session-casdasdf
,lum-customer-samsulalom-zone-sobuj-country-us-state-MN-city-brainerd-session-casdasdf
,lum-customer-samsulalom-zone-sobuj-country-us-state-MN-city-duluth-session-casdasdf
Minnesota,lum-customer-samsulalom-zone-sobuj-country-us-state-MN-city-mankato-session-casdasdf
,lum-customer-samsulalom-zone-sobuj-country-us-state-MN-city-minneapolis-session-casdasdf
,lum-customer-samsulalom-zone-sobuj-country-us-state-MN-city-rochester-session-casdasdf
,lum-customer-samsulalom-zone-sobuj-country-us-state-MN-city-southwest-session-casdasdf
,lum-customer-samsulalom-zone-sobuj-country-us-state-MN-city-stcloud-session-casdasdf
,
,
,
,lum-customer-samsulalom-zone-sobuj-country-us-state-MS-city-gulfport-session-casdasdf
,lum-customer-samsulalom-zone-sobuj-country-us-state-MS-city-hattiesburg-session-casdasdf
Mississippi,lum-customer-samsulalom-zone-sobuj-country-us-state-MS-city-jackson-session-casdasdf
,lum-customer-samsulalom-zone-sobuj-country-us-state-MS-city-meridian-session-casdasdf
,lum-customer-samsulalom-zone-sobuj-country-us-state-MS-city-northmississippi-session-casdasdf
,lum-customer-samsulalom-zone-sobuj-country-us-state-MS-city-southwest-session-casdasdf
,
,
,
,lum-customer-samsulalom-zone-sobuj-country-us-state-MO-city-columbia-session-casdasdf
,lum-customer-samsulalom-zone-sobuj-country-us-state-MO-city-joplin-session-casdasdf
,lum-customer-samsulalom-zone-sobuj-country-us-state-MO-city-kansascity-session-casdasdf
,lum-customer-samsulalom-zone-sobuj-country-us-state-MO-city-kirksville-session-casdasdf
Missouri,lum-customer-samsulalom-zone-sobuj-country-us-state-MO-city-lakeoftheozarks-session-casdasdf
,lum-customer-samsulalom-zone-sobuj-country-us-state-MO-city-southeastmissouri-session-casdasdf
,lum-customer-samsulalom-zone-sobuj-country-us-state-MO-city-springfield-session-casdasdf
,lum-customer-samsulalom-zone-sobuj-country-us-state-MO-city-stjoseph-session-casdasdf
,lum-customer-samsulalom-zone-sobuj-country-us-state-MO-city-stlouis-session-casdasdf
,
,
,
,lum-customer-samsulalom-zone-sobuj-country-us-state-MT-city-billings-session-casdasdf
,lum-customer-samsulalom-zone-sobuj-country-us-state-MT-city-bozeman-session-casdasdf
,lum-customer-samsulalom-zone-sobuj-country-us-state-MT-city-butte-session-casdasdf
Montana,lum-customer-samsulalom-zone-sobuj-country-us-state-MT-city-greatfalls-session-casdasdf
,lum-customer-samsulalom-zone-sobuj-country-us-state-MT-city-helena-session-casdasdf
,lum-customer-samsulalom-zone-sobuj-country-us-state-MT-city-kalispell-session-casdasdf
,lum-customer-samsulalom-zone-sobuj-country-us-state-MT-city-missoula-session-casdasdf
,lum-customer-samsulalom-zone-sobuj-country-us-state-MT-city-easternmontana-session-casdasdf
,
,
,
,lum-customer-samsulalom-zone-sobuj-country-us-state-NE-city-grandisland-session-casdasdf
,lum-customer-samsulalom-zone-sobuj-country-us-state-NE-city-lincoln-session-casdasdf
Nebraska,lum-customer-samsulalom-zone-sobuj-country-us-state-NE-city-northplatt-session-casdasdf
,lum-customer-samsulalom-zone-sobuj-country-us-state-NE-city-omaha-session-casdasdf
,lum-customer-samsulalom-zone-sobuj-country-us-state-NE-city-scottsbluff-session-casdasdf
,
,
,
,lum-customer-samsulalom-zone-sobuj-country-us-state-NV-city-elko-session-casdasdf
Nevada,lum-customer-samsulalom-zone-sobuj-country-us-state-NV-city-lasvegas-session-casdasdf
,lum-customer-samsulalom-zone-sobuj-country-us-state-NV-city-reno-session-casdasdf
,
,
,
,lum-customer-samsulalom-zone-sobuj-country-us-state-NJ-city-centralNJ-session-casdasdf
,lum-customer-samsulalom-zone-sobuj-country-us-state-NJ-city-jerseyshore-session-casdasdf
New Jersey,lum-customer-samsulalom-zone-sobuj-country-us-state-NJ-city-northjersey-session-casdasdf
,lum-customer-samsulalom-zone-sobuj-country-us-state-NJ-city-southjersey-session-casdasdf
,
,
,
,lum-customer-samsulalom-zone-sobuj-country-us-state-NM-city-albuquerque-session-casdasdf
,lum-customer-samsulalom-zone-sobuj-country-us-state-NM-city-clovis-session-casdasdf
,lum-customer-samsulalom-zone-sobuj-country-us-state-NM-city-farmington-session-casdasdf
New Mexico,lum-customer-samsulalom-zone-sobuj-country-us-state-NM-city-lascruces-session-casdasdf
,lum-customer-samsulalom-zone-sobuj-country-us-state-NM-city-roswell-session-casdasdf
,lum-customer-samsulalom-zone-sobuj-country-us-state-NM-city-santafe-session-casdasdf
,lum-customer-samsulalom-zone-sobuj-country-us-state-NM-city-southjersey-session-casdasdf
,
,
,
,lum-customer-samsulalom-zone-sobuj-country-us-state-NY-city-albany-session-casdasdf
,lum-customer-samsulalom-zone-sobuj-country-us-state-NY-city-binghamton-session-casdasdf
,lum-customer-samsulalom-zone-sobuj-country-us-state-NY-city-buffalo-session-casdasdf
,lum-customer-samsulalom-zone-sobuj-country-us-state-NY-city-catskills-session-casdasdf
,lum-customer-samsulalom-zone-sobuj-country-us-state-NY-city-chautauqua-session-casdasdf
,lum-customer-samsulalom-zone-sobuj-country-us-state-NY-city-elmira-session-casdasdf
,lum-customer-samsulalom-zone-sobuj-country-us-state-NY-city-fingerlakes-session-casdasdf
,lum-customer-samsulalom-zone-sobuj-country-us-state-NY-city-glensfalls-session-casdasdf
,lum-customer-samsulalom-zone-sobuj-country-us-state-NY-city-hudsonvalley-session-casdasdf
New York,lum-customer-samsulalom-zone-sobuj-country-us-state-NY-city-ithaca-session-casdasdf
,lum-customer-samsulalom-zone-sobuj-country-us-state-NY-city-longisland-session-casdasdf
,lum-customer-samsulalom-zone-sobuj-country-us-state-ny-city-newyork-session-sdfd
,lum-customer-samsulalom-zone-sobuj-country-us-state-NY-city-oneonta-session-casdasdf
,lum-customer-samsulalom-zone-sobuj-country-us-state-NY-city-plattsburgh-session-casdasdf
,lum-customer-samsulalom-zone-sobuj-country-us-state-NY-city-potsdam-session-casdasdf
,lum-customer-samsulalom-zone-sobuj-country-us-state-NY-city-rochester-session-casdasdf
,lum-customer-samsulalom-zone-sobuj-country-us-state-NY-city-syracuse-session-casdasdf
,lum-customer-samsulalom-zone-sobuj-country-us-state-NY-city-twintiers-session-casdasdf
,lum-customer-samsulalom-zone-sobuj-country-us-state-NY-city-utica-session-casdasdf
,lum-customer-samsulalom-zone-sobuj-country-us-state-NY-city-watertown-session-casdasdf
,
,
,
,lum-customer-samsulalom-zone-sobuj-country-us-state-Nc-city-asheville-session-casdasdf
,lum-customer-samsulalom-zone-sobuj-country-us-state-Nc-city-boone-session-casdasdf
,lum-customer-samsulalom-zone-sobuj-country-us-state-Nc-city-charlotte-session-casdasdf
,lum-customer-samsulalom-zone-sobuj-country-us-state-Nc-city-eastern-session-casdasdf
North Carolina,lum-customer-samsulalom-zone-sobuj-country-us-state-Nc-city-fayetteville-session-casdasdf
,lum-customer-samsulalom-zone-sobuj-country-us-state-Nc-city-greensboro-session-casdasdf
,lum-customer-samsulalom-zone-sobuj-country-us-state-Nc-city-hickory-session-casdasdf
,lum-customer-samsulalom-zone-sobuj-country-us-state-Nc-city-jacksonville-session-casdasdf
,lum-customer-samsulalom-zone-sobuj-country-us-state-Nc-city-outerbanks-session-casdasdf
,lum-customer-samsulalom-zone-sobuj-country-us-state-Nc-city-raleigh-session-casdasdf
,lum-customer-samsulalom-zone-sobuj-country-us-state-Nc-city-wilmington-session-casdasdf
,lum-customer-samsulalom-zone-sobuj-country-us-state-Nc-city-winston-session-casdasdf
,
,
,
,lum-customer-samsulalom-zone-sobuj-country-us-state-Nd-city-bismarck-session-casdasdf
,lum-customer-samsulalom-zone-sobuj-country-us-state-Nd-city-fargo-session-casdasdf
North Dakota,lum-customer-samsulalom-zone-sobuj-country-us-state-Nd-city-grandforks-session-casdasdf
,lum-customer-samsulalom-zone-sobuj-country-us-state-Nd-city-northdakota-session-casdasdf
,
,
,
,lum-customer-samsulalom-zone-sobuj-country-us-state-Oh-city-akron-session-casdasdf
,lum-customer-samsulalom-zone-sobuj-country-us-state-Oh-city-ashtabula-session-casdasdf
,lum-customer-samsulalom-zone-sobuj-country-us-state-Oh-city-athens-session-casdasdf
,lum-customer-samsulalom-zone-sobuj-country-us-state-Oh-city-chillicothe-session-casdasdf
,lum-customer-samsulalom-zone-sobuj-country-us-state-Oh-city-cincinnati-session-casdasdf
,lum-customer-samsulalom-zone-sobuj-country-us-state-Oh-city-cleveland-session-casdasdf
Ohio,lum-customer-samsulalom-zone-sobuj-country-us-state-Oh-city-columbus-session-casdasdf
,lum-customer-samsulalom-zone-sobuj-country-us-state-Oh-city-dayton-session-casdasdf
,lum-customer-samsulalom-zone-sobuj-country-us-state-Oh-city-lima-session-casdasdf
,lum-customer-samsulalom-zone-sobuj-country-us-state-Oh-city-mansfield-session-casdasdf
,lum-customer-samsulalom-zone-sobuj-country-us-state-Oh-city-sandusky-session-casdasdf
,lum-customer-samsulalom-zone-sobuj-country-us-state-Oh-city-toledo-session-casdasdf
,lum-customer-samsulalom-zone-sobuj-country-us-state-Oh-city-tuscarawas-session-casdasdf
,lum-customer-samsulalom-zone-sobuj-country-us-state-Oh-city-youngstown-session-casdasdf
,lum-customer-samsulalom-zone-sobuj-country-us-state-Oh-city-zanesville-session-casdasdf
,
,
,
,lum-customer-samsulalom-zone-sobuj-country-us-state-Ok-city-lawton-session-casdasdf
,lum-customer-samsulalom-zone-sobuj-country-us-state-Ok-city-northwest-session-casdasdf
Oklahoma,lum-customer-samsulalom-zone-sobuj-country-us-state-Ok-city-oklahomacity-session-casdasdf
,lum-customer-samsulalom-zone-sobuj-country-us-state-Ok-city-stillwater-session-casdasdf
,lum-customer-samsulalom-zone-sobuj-country-us-state-Ok-city-tulsa-session-casdasdf
,
,
,
,lum-customer-samsulalom-zone-sobuj-country-us-state-Or-city-bend-session-casdasdf
,lum-customer-samsulalom-zone-sobuj-country-us-state-Or-city-corvallis-session-casdasdf
,lum-customer-samsulalom-zone-sobuj-country-us-state-Or-city-eastoregon-session-casdasdf
,lum-customer-samsulalom-zone-sobuj-country-us-state-Or-city-eugene-session-casdasdf
Oregon,lum-customer-samsulalom-zone-sobuj-country-us-state-Or-city-klamathfalls-session-casdasdf
,lum-customer-samsulalom-zone-sobuj-country-us-state-Or-city-medford-session-casdasdf
,lum-customer-samsulalom-zone-sobuj-country-us-state-Or-city-oregoncoast-session-casdasdf
,lum-customer-samsulalom-zone-sobuj-country-us-state-Or-city-portland-session-casdasdf
,lum-customer-samsulalom-zone-sobuj-country-us-state-Or-city-roseburg-session-casdasdf
,lum-customer-samsulalom-zone-sobuj-country-us-state-Or-city-salem-session-casdasdf
,
,
,
,lum-customer-samsulalom-zone-sobuj-country-us-state-Pa-city-altoona-session-casdasdf
,lum-customer-samsulalom-zone-sobuj-country-us-state-Pa-city-cumberlandvalley-session-casdasdf
,lum-customer-samsulalom-zone-sobuj-country-us-state-Pa-city-erie-session-casdasdf
,lum-customer-samsulalom-zone-sobuj-country-us-state-Pa-city-harrisburg-session-casdasdf
,lum-customer-samsulalom-zone-sobuj-country-us-state-Pa-city-lancaster-session-casdasdf
,lum-customer-samsulalom-zone-sobuj-country-us-state-Pa-city-lehighvalley-session-casdasdf
,lum-customer-samsulalom-zone-sobuj-country-us-state-Pa-city-meadville-session-casdasdf
Pennsylvania,lum-customer-samsulalom-zone-sobuj-country-us-state-Pa-city-philadelphia-session-casdasdf
,lum-customer-samsulalom-zone-sobuj-country-us-state-Pa-city-pittsburgh-session-casdasdf
,lum-customer-samsulalom-zone-sobuj-country-us-state-Pa-city-poconos-session-casdasdf
,lum-customer-samsulalom-zone-sobuj-country-us-state-Pa-city-reading-session-casdasdf
,lum-customer-samsulalom-zone-sobuj-country-us-state-Pa-city-scranton-session-casdasdf
,lum-customer-samsulalom-zone-sobuj-country-us-state-Pa-city-statecollege-session-casdasdf
,lum-customer-samsulalom-zone-sobuj-country-us-state-Pa-city-williamsport-session-casdasdf
,lum-customer-samsulalom-zone-sobuj-country-us-state-Pa-city-york-session-casdasdf
,
,
,
,lum-customer-samsulalom-zone-sobuj-country-us-state-Sc-city-charleston-session-casdasdf
,lum-customer-samsulalom-zone-sobuj-country-us-state-Sc-city-columbia-session-casdasdf
South Carolina,lum-customer-samsulalom-zone-sobuj-country-us-state-Sc-city-florence-session-casdasdf
,lum-customer-samsulalom-zone-sobuj-country-us-state-Sc-city-greenville-session-casdasdf
,lum-customer-samsulalom-zone-sobuj-country-us-state-Sc-city-hiltonhead-session-casdasdf
,lum-customer-samsulalom-zone-sobuj-country-us-state-Sc-city-myrtlebeach-session-casdasdf
,
,
,
,lum-customer-samsulalom-zone-sobuj-country-us-state-Sd-city-northeast-session-casdasdf
,lum-customer-samsulalom-zone-sobuj-country-us-state-Sc-city-pierre-session-casdasdf
South Dakota,lum-customer-samsulalom-zone-sobuj-country-us-state-Sc-city-rapidcity-session-casdasdf
,lum-customer-samsulalom-zone-sobuj-country-us-state-Sc-city-siouxfalls-session-casdasdf
,lum-customer-samsulalom-zone-sobuj-country-us-state-Sc-city-southdakota-session-casdasdf
,
,
,
,lum-customer-samsulalom-zone-sobuj-country-us-state-Tn-city-chattanooga-session-casdasdf
,lum-customer-samsulalom-zone-sobuj-country-us-state-Tn-city-clarksville-session-casdasdf
,lum-customer-samsulalom-zone-sobuj-country-us-state-Tn-city-cookeville-session-casdasdf
,lum-customer-samsulalom-zone-sobuj-country-us-state-Tn-city-jackson-session-casdasdf
Tennessee,lum-customer-samsulalom-zone-sobuj-country-us-state-Tn-city-knoxville-session-casdasdf
,lum-customer-samsulalom-zone-sobuj-country-us-state-Tn-city-memphis-session-casdasdf
,lum-customer-samsulalom-zone-sobuj-country-us-state-Tn-city-nashville-session-casdasdf
,lum-customer-samsulalom-zone-sobuj-country-us-state-Tn-city-tricities-session-casdasdf
,lum-customer-samsulalom-zone-sobuj-country-us-state-Tn-city-chattanooga-session-casdasdf
,lum-customer-samsulalom-zone-sobuj-country-us-state-Tn-city-chattanooga-session-casdasdf
,lum-customer-samsulalom-zone-sobuj-country-us-state-Tn-city-chattanooga-session-casdasdf
,
,
,
,lum-customer-samsulalom-zone-sobuj-country-us-state-Tx-city-abilene-session-casdasdf
,lum-customer-samsulalom-zone-sobuj-country-us-state-Tx-city-amarillo-session-casdasdf
,lum-customer-samsulalom-zone-sobuj-country-us-state-Tx-city-austin-session-casdasdf
,lum-customer-samsulalom-zone-sobuj-country-us-state-Tx-city-beaumont-session-casdasdf
,lum-customer-samsulalom-zone-sobuj-country-us-state-Tx-city-brownsville-session-casdasdf
,lum-customer-samsulalom-zone-sobuj-country-us-state-Tx-city-collegestation-session-casdasdf
,lum-customer-samsulalom-zone-sobuj-country-us-state-Tx-city-corpuschristi-session-casdasdf
,lum-customer-samsulalom-zone-sobuj-country-us-state-Tx-city-dallas-session-casdasdf
,lum-customer-samsulalom-zone-sobuj-country-us-state-Tx-city-deepeasttexas-session-casdasdf
,lum-customer-samsulalom-zone-sobuj-country-us-state-Tx-city-delrio-session-casdasdf
,lum-customer-samsulalom-zone-sobuj-country-us-state-Tx-city-elpaso-session-casdasdf
,lum-customer-samsulalom-zone-sobuj-country-us-state-Tx-city-galveston-session-casdasdf
Texas,lum-customer-samsulalom-zone-sobuj-country-us-state-Tx-city-houston-session-casdasdf
,lum-customer-samsulalom-zone-sobuj-country-us-state-Tx-city-killeen-session-casdasdf
,lum-customer-samsulalom-zone-sobuj-country-us-state-Tx-city-laredo-session-casdasdf
,lum-customer-samsulalom-zone-sobuj-country-us-state-Tx-city-lubbock-session-casdasdf
,lum-customer-samsulalom-zone-sobuj-country-us-state-Tx-city-mcallen-session-casdasdf
,lum-customer-samsulalom-zone-sobuj-country-us-state-Tx-city-odessa-session-casdasdf
,lum-customer-samsulalom-zone-sobuj-country-us-state-Tx-city-sanangelo-session-casdasdf
,lum-customer-samsulalom-zone-sobuj-country-us-state-Tx-city-sanantonio-session-casdasdf
,lum-customer-samsulalom-zone-sobuj-country-us-state-Tx-city-sanmarcos-session-casdasdf
,lum-customer-samsulalom-zone-sobuj-country-us-state-Tx-city-southwest-session-casdasdf
,lum-customer-samsulalom-zone-sobuj-country-us-state-Tx-city-texoma-session-casdasdf
,lum-customer-samsulalom-zone-sobuj-country-us-state-Tx-city-tyler-session-casdasdf
,lum-customer-samsulalom-zone-sobuj-country-us-state-Tx-city-victoria-session-casdasdf
,lum-customer-samsulalom-zone-sobuj-country-us-state-Tx-city-waco-session-casdasdf
,lum-customer-samsulalom-zone-sobuj-country-us-state-Tx-city-wichitafalls-session-casdasdf
,
,
,
,lum-customer-samsulalom-zone-sobuj-country-us-state-Ut-city-logan-session-casdasdf
,lum-customer-samsulalom-zone-sobuj-country-us-state-Tx-city-ogden-session-casdasdf
Utah,lum-customer-samsulalom-zone-sobuj-country-us-state-Tx-city-provo-session-casdasdf
,lum-customer-samsulalom-zone-sobuj-country-us-state-Tx-city-saltlakecity-session-casdasdf
,lum-customer-samsulalom-zone-sobuj-country-us-state-Tx-city-stgeorge-session-casdasdf
,
,
,
,lum-customer-samsulalom-zone-sobuj-country-us-state-Va-city-charlottesville-session-casdasdf
,lum-customer-samsulalom-zone-sobuj-country-us-state-Va-city-danville-session-casdasdf
,lum-customer-samsulalom-zone-sobuj-country-us-state-Va-city-fredericksburg-session-casdasdf
,lum-customer-samsulalom-zone-sobuj-country-us-state-Va-city-hamptonroads-session-casdasdf
,lum-customer-samsulalom-zone-sobuj-country-us-state-Va-city-harrisonburg-session-casdasdf
Virginia,lum-customer-samsulalom-zone-sobuj-country-us-state-Va-city-lynchburg-session-casdasdf
,lum-customer-samsulalom-zone-sobuj-country-us-state-Va-city-newrivervalley-session-casdasdf
,lum-customer-samsulalom-zone-sobuj-country-us-state-Va-city-richmond-session-casdasdf
,lum-customer-samsulalom-zone-sobuj-country-us-state-Va-city-roanoke-session-casdasdf
,lum-customer-samsulalom-zone-sobuj-country-us-state-Va-city-southwest-session-casdasdf
,lum-customer-samsulalom-zone-sobuj-country-us-state-Va-city-winchester-session-casdasdf
,
,
,
,lum-customer-samsulalom-zone-sobuj-country-us-state-Wa-city-bellingham-session-casdasdf
,lum-customer-samsulalom-zone-sobuj-country-us-state-Wa-city-kennewick-session-casdasdf
,lum-customer-samsulalom-zone-sobuj-country-us-state-Wa-city-moseslake-session-casdasdf
,lum-customer-samsulalom-zone-sobuj-country-us-state-Wa-city-olympicpeninsula-session-casdasdf
Washington,lum-customer-samsulalom-zone-sobuj-country-us-state-Wa-city-pullman-session-casdasdf
,lum-customer-samsulalom-zone-sobuj-country-us-state-Wa-city-seattle-session-casdasdf
,lum-customer-samsulalom-zone-sobuj-country-us-state-Wa-city-skagit-session-casdasdf
,lum-customer-samsulalom-zone-sobuj-country-us-state-Wa-city-spokane-session-casdasdf
,lum-customer-samsulalom-zone-sobuj-country-us-state-Wa-city-wenatchee-session-casdasdf
,lum-customer-samsulalom-zone-sobuj-country-us-state-Wa-city-yakima-session-casdasdf
,
,
,
,lum-customer-samsulalom-zone-sobuj-country-us-state-Wv-city-charleston-session-casdasdf
,lum-customer-samsulalom-zone-sobuj-country-us-state-Wv-city-easternpanhandle-session-casdasdf
,lum-customer-samsulalom-zone-sobuj-country-us-state-Wv-city-huntington-session-casdasdf
West Virginia,lum-customer-samsulalom-zone-sobuj-country-us-state-Wv-city-morgantown-session-casdasdf
,lum-customer-samsulalom-zone-sobuj-country-us-state-Wv-city-northernpanhandle-session-casdasdf
,lum-customer-samsulalom-zone-sobuj-country-us-state-Wv-city-parkersburg-session-casdasdf
,lum-customer-samsulalom-zone-sobuj-country-us-state-Wv-city-southern-session-casdasdf
,lum-customer-samsulalom-zone-sobuj-country-us-state-Wv-city-westvirginia-session-casdasdf
,
,
,
,lum-customer-samsulalom-zone-sobuj-country-us-state-Wi-city-eauclaire-session-casdasdf
,lum-customer-samsulalom-zone-sobuj-country-us-state-Wi-city-greenbay-session-casdasdf
,lum-customer-samsulalom-zone-sobuj-country-us-state-Wi-city-janesville-session-casdasdf
,lum-customer-samsulalom-zone-sobuj-country-us-state-Wi-city-kenosha-session-casdasdf
Wisconsin,lum-customer-samsulalom-zone-sobuj-country-us-state-Wi-city-lacrosse-session-casdasdf
,lum-customer-samsulalom-zone-sobuj-country-us-state-Wi-city-madison-session-casdasdf
,lum-customer-samsulalom-zone-sobuj-country-us-state-Wi-city-milwaukee-session-casdasdf
,lum-customer-samsulalom-zone-sobuj-country-us-state-Wi-city-northern-session-casdasdf
,lum-customer-samsulalom-zone-sobuj-country-us-state-Wi-city-sheboygan-session-casdasdf
,lum-customer-samsulalom-zone-sobuj-country-us-state-Wi-city-wausau-session-casdasdf
,
,
,
,
